"name","time\\.min","time\\.max","time\\.median","time\\.mean","time\\.std","time\\.unit","memory\\.value","memory\\.unit","parameters_memory\\.value","parameters_memory\\.unit","benchmark\\.repeat"
"mnist","0.00011283299681963399","0.013749071003985591","0.00016219349708990194","0.000230941527930554","0.0006109710797650681","seconds","9547.84375","kilobytes","3180.984375","kilobytes","2000"
"housing","0.00006678800127701834","0.00821364599687513","0.00009925850099534728","0.00012359024195029633","0.0002856548942232223","seconds","279.9765625","kilobytes","91.71875","kilobytes","2000"
"iris-8","0.00006021500303177163","0.007010941997577902","0.0000991335000435356","0.00010036018009850522","0.00015616310460945114","seconds","14","kilobytes","3","kilobytes","2000"
"iris-4","0.00005966000026091933","0.00037285700091160834","0.00006621949796681292","0.00007659903986132121","0.00001995679376699186","seconds","10.78125","kilobytes","1.9375","kilobytes","2000"
"mnist-128","0.0000715040005161427","0.008321432003867812","0.00007949750215630047","0.00012123732195686898","0.00031867767875170167","seconds","2392.84375","kilobytes","795.984375","kilobytes","2000"
"many-inputs","0.00006503699842141941","0.007593485999677796","0.00009439099812880158","0.00011460604851527023","0.00028437740820559123","seconds","776.1015625","kilobytes","257.078125","kilobytes","2000"
"many-layers","0.00006373500218614936","0.012836726004024968","0.00010586300049908459","0.00012074835851308308","0.0003885811477377815","seconds","117.6328125","kilobytes","37.578125","kilobytes","2000"
"many-units","0.000231450998398941","0.009054842004843522","0.00028163900060462765","0.00033292532655468675","0.0003426465180692795","seconds","24895.34375","kilobytes","8296.828125","kilobytes","2000"
"all-together","0.0012025909963995218","0.046884158000466414","0.0014015060005476698","0.0015868764348706463","0.0014185906897950153","seconds","123033.8203125","kilobytes","41009.578125","kilobytes","2000"